{
  "train_losses": [
    2.4337452263445467,
    1.1366746965292338,
    0.8509816285726186,
    0.6724494659417385,
    0.5522084816082103,
    0.46152044591066,
    0.39382747741969854,
    0.33301355005116073,
    0.2825832840155911,
    0.24270265005730293,
    0.20721132449201635,
    0.17974163400563034,
    0.15305338548244657,
    0.1298011783007029,
    0.10741060342941736,
    0.09036973043269403,
    0.07291723989151619,
    0.06070157095185808,
    0.04797677715887894,
    0.03989134872382557
  ],
  "val_losses": [
    1.3168946441851164,
    0.9029453145830255,
    0.6816593973260177,
    0.5421554869727084,
    0.4429551441418497,
    0.37781079976182236,
    0.32393577381184224,
    0.27762855824671295,
    0.24198157222647415,
    0.21315400616118782,
    0.19187484916887784,
    0.1726647199768769,
    0.15853968792055784,
    0.1457323668230521,
    0.1348436185599942,
    0.1257010119427976,
    0.11721441875162877,
    0.1115702728642837,
    0.10527480844604342,
    0.10058896488657124
  ],
  "best_val_loss": 0.10058896488657124,
  "vocab_size": 6856,
  "model_params": 109775560,
  "batch_size": 128,
  "epochs": 20,
  "timestamp": "2026-03-03T09:53:45.830232"
}